index,file,true,rtl_pred,reference_pred,logit0,logit1,logit2,logit3,logit4,cycles,reference_match
0,train/circulo/circulo_0001.png,0,0,0,15369,4857,-17893,1815,-24975,206520,1
1,train/circulo/circulo_0006.png,0,0,0,12959,3752,-13203,-2733,-29321,206520,1
2,train/circulo/circulo_0013.png,0,0,0,3686,2533,-2639,-2524,-8601,206520,1
3,train/circulo/circulo_0025.png,0,0,0,13138,4968,-14506,-659,-28700,206520,1
4,train/circulo/circulo_0044.png,0,0,0,10947,6247,-11938,-1163,-27053,206520,1
5,train/circulo/circulo_0078.png,0,0,0,18392,8048,-15643,-1378,-27518,206520,1
6,train/circulo/circulo_0080.png,0,0,0,8735,6627,-6485,-1388,-14809,206520,1
7,train/circulo/circulo_0090.png,0,0,0,9929,4182,-9817,-2605,-23336,206520,1
8,train/circulo/circulo_0094.png,0,0,0,5420,2708,-3463,-1211,-12565,206520,1
9,train/circulo/circulo_0103.png,0,0,0,3155,2484,-5894,180,-15392,206520,1
10,train/circulo/circulo_0112.png,0,0,0,27954,6277,-31589,1747,-49995,206520,1
11,train/circulo/circulo_0114.png,0,0,0,20550,7562,-18169,-260,-30681,206520,1
12,train/circulo/circulo_0116.png,0,0,0,5194,3007,-3943,-1613,-8972,206520,1
13,train/circulo/circulo_0131.png,0,0,0,7324,3720,-5891,-2215,-12371,206520,1
14,train/circulo/circulo_0144.png,0,0,0,11288,4355,-12051,-1072,-24525,206520,1
15,train/circulo/circulo_0146.png,0,0,0,10303,6659,-10580,-1329,-24667,206520,1
16,train/circulo/circulo_0151.png,0,0,0,12578,8175,-12888,-800,-26818,206520,1
17,train/circulo/circulo_0161.png,0,1,1,5113,5699,-2499,-1822,-11523,206520,1
18,train/circulo/circulo_0168.png,0,0,0,20296,3613,-22013,-47,-38798,206520,1
19,train/circulo/circulo_0173.png,0,0,0,21701,7243,-21304,737,-32600,206520,1
20,train/circulo/circulo_0181.png,0,0,0,6364,6134,-3113,-1223,-12198,206520,1
21,train/circulo/circulo_0193.png,0,0,0,13562,7878,-11430,-2002,-26034,206520,1
22,train/circulo/circulo_0196.png,0,0,0,14511,4921,-16319,215,-27250,206520,1
23,train/circulo/circulo_0198.png,0,0,0,5209,5120,-2210,-151,-11011,206520,1
24,train/circulo/circulo_0199.png,0,0,0,21039,5978,-23415,1897,-33429,206520,1
25,train/circulo/circulo_0209.png,0,0,0,8928,4136,-7319,-1738,-14616,206520,1
26,train/circulo/circulo_0213.png,0,0,0,3633,1446,-4783,-2039,-12537,206520,1
27,train/circulo/circulo_0220.png,0,0,0,22763,5896,-24306,516,-41465,206520,1
28,train/circulo/circulo_0229.png,0,0,0,12041,4862,-10694,-929,-24451,206520,1
29,train/circulo/circulo_0232.png,0,0,0,14223,7523,-12962,1028,-26164,206520,1
30,train/circulo/circulo_0243.png,0,0,0,15599,8095,-14420,467,-25184,206520,1
31,train/circulo/circulo_0247.png,0,0,0,10509,4399,-9115,-639,-20770,206520,1
32,train/circulo/circulo_0266.png,0,0,0,5527,2913,-5249,-2404,-10989,206520,1
33,train/circulo/circulo_0271.png,0,0,0,22220,9231,-24032,706,-42351,206520,1
34,train/quadrado/quadrado_0008.png,1,1,1,2297,3215,-2219,-1255,-10497,206520,1
35,train/quadrado/quadrado_0036.png,1,0,0,4079,2129,-5800,1024,-13995,206520,1
36,train/quadrado/quadrado_0048.png,1,0,0,6476,5321,-9096,452,-18235,206520,1
37,train/quadrado/quadrado_0067.png,1,1,1,-2889,2764,1395,-2813,-7042,206520,1
38,train/quadrado/quadrado_0074.png,1,1,1,2455,2925,-3900,510,-9746,206520,1
39,train/quadrado/quadrado_0075.png,1,1,1,5286,5788,-7775,-409,-17303,206520,1
40,train/quadrado/quadrado_0088.png,1,0,0,5158,4566,-7230,-1185,-11901,206520,1
41,train/quadrado/quadrado_0099.png,1,1,1,2652,5634,-2851,-2526,-11902,206520,1
42,train/quadrado/quadrado_0104.png,1,2,2,-2199,2878,3335,-1112,-1717,206520,1
43,train/quadrado/quadrado_0107.png,1,2,2,-4644,2760,3596,-3094,-3179,206520,1
44,train/quadrado/quadrado_0119.png,1,1,1,-1425,3320,-1016,-644,-7115,206520,1
45,train/quadrado/quadrado_0120.png,1,1,1,1230,5129,-2417,-2265,-10091,206520,1
46,train/quadrado/quadrado_0123.png,1,1,1,-3751,2985,2436,-1247,-706,206520,1
47,train/quadrado/quadrado_0125.png,1,0,0,5566,5525,-8366,386,-17484,206520,1
48,train/quadrado/quadrado_0147.png,1,1,1,2245,2927,-4163,1346,-9917,206520,1
49,train/quadrado/quadrado_0150.png,1,0,0,6589,5923,-7945,-1505,-18889,206520,1
50,train/quadrado/quadrado_0169.png,1,1,1,3953,4410,-5478,-1727,-11155,206520,1
51,train/quadrado/quadrado_0170.png,1,1,1,1934,5045,-4579,-995,-10213,206520,1
52,train/quadrado/quadrado_0179.png,1,1,1,-2181,1746,249,-837,-5251,206520,1
53,train/quadrado/quadrado_0181.png,1,1,1,209,3689,-595,-1431,-6226,206520,1
54,train/quadrado/quadrado_0185.png,1,1,1,1123,2326,-4508,646,-9559,206520,1
55,train/quadrado/quadrado_0187.png,1,1,1,4399,4747,-4417,-1722,-12299,206520,1
56,train/quadrado/quadrado_0206.png,1,1,1,-591,4488,-846,-2204,-6521,206520,1
57,train/quadrado/quadrado_0211.png,1,1,1,2834,5723,-797,-2260,-8546,206520,1
58,train/quadrado/quadrado_0223.png,1,1,1,3248,3774,-6412,786,-14299,206520,1
59,train/quadrado/quadrado_0231.png,1,1,1,-652,3825,-1391,-2566,-10241,206520,1
60,train/quadrado/quadrado_0233.png,1,2,2,-3349,1990,3579,-2191,-1186,206520,1
61,train/quadrado/quadrado_0244.png,1,1,1,-2297,3264,3134,-2383,-2203,206520,1
62,train/quadrado/quadrado_0256.png,1,1,1,-2695,2004,-1820,-1123,-5898,206520,1
63,train/quadrado/quadrado_0260.png,1,2,2,-3298,1714,1906,-917,-1982,206520,1
64,train/quadrado/quadrado_0271.png,1,1,1,1600,2736,-984,-2182,-7399,206520,1
65,train/quadrado/quadrado_0279.png,1,1,1,-2496,1855,407,-1289,-3398,206520,1
66,train/triangulo/triangulo_0005.png,2,2,2,-5845,-2040,-745,-2661,-2202,206520,1
67,train/triangulo/triangulo_0018.png,2,2,2,-5726,1062,3289,-853,-9,206520,1
68,train/triangulo/triangulo_0019.png,2,2,2,-7402,-941,3547,-1175,1661,206520,1
69,train/triangulo/triangulo_0034.png,2,2,2,-7278,517,4383,-1272,2395,206520,1
70,train/triangulo/triangulo_0043.png,2,2,2,-9928,-201,5632,-1352,2667,206520,1
71,train/triangulo/triangulo_0046.png,2,2,2,-3365,762,2259,-1601,-1155,206520,1
72,train/triangulo/triangulo_0047.png,2,2,2,-7633,739,3745,-408,2099,206520,1
73,train/triangulo/triangulo_0052.png,2,2,2,-8496,483,4412,-1795,3938,206520,1
74,train/triangulo/triangulo_0068.png,2,2,2,-3985,324,3886,-1918,124,206520,1
75,train/triangulo/triangulo_0074.png,2,2,2,-4729,193,3540,-1417,-1822,206520,1
76,train/triangulo/triangulo_0108.png,2,2,2,-4920,1397,1470,-1240,1111,206520,1
77,train/triangulo/triangulo_0122.png,2,2,2,-8118,-752,3295,-123,2391,206520,1
78,train/triangulo/triangulo_0125.png,2,2,2,-9530,-684,2978,890,1803,206520,1
79,train/triangulo/triangulo_0129.png,2,4,4,-16252,-4470,1952,1022,2291,206520,1
80,train/triangulo/triangulo_0144.png,2,2,2,-5599,-197,958,-487,-1069,206520,1
81,train/triangulo/triangulo_0145.png,2,2,2,-9476,-1350,4197,-1468,2116,206520,1
82,train/triangulo/triangulo_0168.png,2,2,2,-5985,178,2561,-1665,505,206520,1
83,train/triangulo/triangulo_0171.png,2,2,2,-5265,1141,1424,-912,517,206520,1
84,train/triangulo/triangulo_0186.png,2,2,2,-1475,1497,2618,-2274,-4981,206520,1
85,train/triangulo/triangulo_0197.png,2,1,1,-4684,2907,2083,-217,-2577,206520,1
86,train/triangulo/triangulo_0199.png,2,2,2,-9554,-1547,4287,-433,3283,206520,1
87,train/triangulo/triangulo_0203.png,2,2,2,-7314,1262,2552,70,-1484,206520,1
88,train/triangulo/triangulo_0236.png,2,2,2,-5552,504,3115,-951,934,206520,1
89,train/triangulo/triangulo_0246.png,2,3,3,-6889,83,-943,2314,1911,206520,1
90,train/triangulo/triangulo_0248.png,2,2,2,-4831,1754,4710,-1455,-728,206520,1
91,train/triangulo/triangulo_0252.png,2,2,2,-5364,-233,3831,-1027,1938,206520,1
92,train/triangulo/triangulo_0259.png,2,2,2,-9238,-169,1211,-2202,-3427,206520,1
93,train/triangulo/triangulo_0264.png,2,2,2,-5897,2163,3898,-898,-2457,206520,1
94,train/triangulo/triangulo_0277.png,2,2,2,-4932,-220,3867,-1066,115,206520,1
95,train/cruz/cruz_0013.png,3,3,3,-11304,-3947,-2808,5390,77,206520,1
96,train/cruz/cruz_0015.png,3,3,3,-10349,-2554,-4488,7329,-933,206520,1
97,train/cruz/cruz_0016.png,3,3,3,673,-693,-5083,1677,-8768,206520,1
98,train/cruz/cruz_0020.png,3,3,3,-7023,-3011,-7629,3432,-7477,206520,1
99,train/cruz/cruz_0036.png,3,3,3,-6292,-533,-2589,3395,-2770,206520,1
100,train/cruz/cruz_0058.png,3,3,3,-5283,-1440,-6826,3934,-4945,206520,1
101,train/cruz/cruz_0067.png,3,3,3,-10044,-5142,-12872,5396,-5812,206520,1
102,train/cruz/cruz_0072.png,3,3,3,-3619,-220,-6970,5546,-5606,206520,1
103,train/cruz/cruz_0080.png,3,3,3,-9547,-3088,-5129,4796,-3326,206520,1
104,train/cruz/cruz_0087.png,3,3,3,-5741,-1284,-3383,4710,-1582,206520,1
105,train/cruz/cruz_0089.png,3,3,3,-11617,-3218,386,4424,3295,206520,1
106,train/cruz/cruz_0100.png,3,3,3,-4412,-2854,-3135,2482,-2160,206520,1
107,train/cruz/cruz_0108.png,3,4,4,-11441,-1729,-798,3257,5081,206520,1
108,train/cruz/cruz_0120.png,3,3,3,-7684,-640,-400,1904,1063,206520,1
109,train/cruz/cruz_0135.png,3,3,3,-4092,-1616,-13912,6069,-16538,206520,1
110,train/cruz/cruz_0143.png,3,3,3,-788,-2160,-9745,4193,-14533,206520,1
111,train/cruz/cruz_0148.png,3,3,3,-6468,-1905,-7907,5637,-7186,206520,1
112,train/cruz/cruz_0193.png,3,3,3,-7833,-952,1807,2941,127,206520,1
113,train/cruz/cruz_0196.png,3,3,3,-12853,-1628,-1900,5690,2716,206520,1
114,train/cruz/cruz_0241.png,3,4,4,-11646,-1518,1339,1970,5836,206520,1
115,train/cruz/cruz_0271.png,3,3,3,-1936,-2092,-10815,5325,-9222,206520,1
116,train/cruz/cruz_0275.png,3,3,3,-4496,1071,-1288,1837,-3129,206520,1
117,train/cruz/cruz_0277.png,3,3,3,-9612,-2151,-1730,1236,-1857,206520,1
118,train/cruz/cruz_0279.png,3,3,3,-13125,-4069,-4474,5725,2010,206520,1
119,train/estrela/estrela_0005.png,4,4,4,-14669,-3117,131,4170,5347,206520,1
120,train/estrela/estrela_0014.png,4,4,4,-12923,-2686,2684,2244,7748,206520,1
121,train/estrela/estrela_0029.png,4,4,4,-17240,-6029,408,5285,9493,206520,1
122,train/estrela/estrela_0042.png,4,4,4,-22600,-7287,607,6859,12431,206520,1
123,train/estrela/estrela_0044.png,4,4,4,-16220,-5668,1295,4467,7579,206520,1
124,train/estrela/estrela_0049.png,4,3,3,-17799,-3217,1390,3610,2255,206520,1
125,train/estrela/estrela_0054.png,4,4,4,-17417,-4559,-402,5707,7476,206520,1
126,train/estrela/estrela_0061.png,4,4,4,-15162,-3977,3221,2807,6676,206520,1
127,train/estrela/estrela_0072.png,4,4,4,-16959,-3322,4689,1600,5476,206520,1
128,train/estrela/estrela_0074.png,4,4,4,-16104,-2042,1242,2743,6763,206520,1
129,train/estrela/estrela_0095.png,4,4,4,-11976,-2393,1980,2265,6960,206520,1
130,train/estrela/estrela_0106.png,4,4,4,-17594,-5314,1972,5180,9211,206520,1
131,train/estrela/estrela_0113.png,4,4,4,-20358,-5235,2393,4344,10227,206520,1
132,train/estrela/estrela_0115.png,4,4,4,-15334,-2608,116,4045,8193,206520,1
133,train/estrela/estrela_0140.png,4,4,4,-17691,-4517,1282,4676,8313,206520,1
134,train/estrela/estrela_0142.png,4,4,4,-9312,-1466,3864,1467,4534,206520,1
135,train/estrela/estrela_0145.png,4,4,4,-8698,-1763,1076,946,2440,206520,1
136,train/estrela/estrela_0150.png,4,2,2,-9735,-599,4738,-1009,3868,206520,1
137,train/estrela/estrela_0153.png,4,4,4,-7173,-350,1048,797,2185,206520,1
138,train/estrela/estrela_0162.png,4,4,4,-18971,-7308,-2695,5556,8862,206520,1
139,train/estrela/estrela_0163.png,4,4,4,-11078,-2845,749,3066,4493,206520,1
140,train/estrela/estrela_0169.png,4,4,4,-14081,-4810,2828,3957,8127,206520,1
141,train/estrela/estrela_0178.png,4,4,4,-10086,-642,731,1493,5293,206520,1
142,train/estrela/estrela_0184.png,4,4,4,-12724,-4405,983,3602,5671,206520,1
143,train/estrela/estrela_0228.png,4,4,4,-15660,-4034,2887,1298,5851,206520,1
144,train/estrela/estrela_0230.png,4,4,4,-13451,-5691,1025,4242,7285,206520,1
145,train/estrela/estrela_0264.png,4,4,4,-15022,-3835,788,3263,6451,206520,1
146,val/circulo/circulo_0004.png,0,0,0,16379,5766,-15136,-651,-21084,206520,1
147,val/circulo/circulo_0015.png,0,0,0,8669,3038,-8188,-58,-12377,206520,1
148,val/circulo/circulo_0025.png,0,0,0,8155,3865,-6019,-1855,-13324,206520,1
149,val/circulo/circulo_0043.png,0,0,0,17474,5602,-15645,-1213,-22477,206520,1
150,val/circulo/circulo_0057.png,0,0,0,12673,6467,-11058,-664,-19407,206520,1
151,val/quadrado/quadrado_0033.png,1,1,1,-408,2967,864,-2413,-4522,206520,1
152,val/quadrado/quadrado_0034.png,1,1,1,666,2876,-1131,220,-7243,206520,1
153,val/quadrado/quadrado_0042.png,1,0,0,7907,5264,-10029,991,-19493,206520,1
154,val/quadrado/quadrado_0055.png,1,1,1,2092,4011,-6200,-1703,-14650,206520,1
155,val/triangulo/triangulo_0005.png,2,2,2,-7989,181,4219,-1554,1186,206520,1
156,val/triangulo/triangulo_0012.png,2,2,2,-9099,226,2406,-1655,825,206520,1
157,val/triangulo/triangulo_0014.png,2,2,2,-8508,1140,3948,-1747,-1129,206520,1
158,val/triangulo/triangulo_0038.png,2,4,4,-7448,-673,2516,-159,3835,206520,1
159,val/triangulo/triangulo_0041.png,2,2,2,-6194,527,3733,-1165,813,206520,1
160,val/triangulo/triangulo_0050.png,2,2,2,-5407,1275,2427,-1319,-187,206520,1
161,val/triangulo/triangulo_0059.png,2,2,2,-5849,-756,2982,-1685,510,206520,1
162,val/cruz/cruz_0004.png,3,3,3,-12946,-3761,-4714,7306,654,206520,1
163,val/cruz/cruz_0010.png,3,3,3,-16358,-4382,-522,5987,4980,206520,1
164,val/cruz/cruz_0016.png,3,3,3,-10565,-2732,-10329,7246,-6254,206520,1
165,val/cruz/cruz_0018.png,3,3,3,-13957,-2456,-8193,8340,-4362,206520,1
166,val/cruz/cruz_0027.png,3,3,3,-8954,-3012,-6902,5541,-4211,206520,1
167,val/cruz/cruz_0032.png,3,3,3,-13475,-5786,-6657,3514,1427,206520,1
168,val/cruz/cruz_0046.png,3,3,3,-10246,-2107,-1314,2527,1434,206520,1
169,val/cruz/cruz_0049.png,3,3,3,-6176,-2239,-4752,5452,-2957,206520,1
170,val/cruz/cruz_0058.png,3,3,3,-5408,-3202,-7615,7842,-4609,206520,1
171,val/estrela/estrela_0001.png,4,4,4,-10646,-2033,2986,762,4239,206520,1
172,val/estrela/estrela_0002.png,4,4,4,-10729,-3277,3331,1604,5002,206520,1
173,val/estrela/estrela_0016.png,4,4,4,-23695,-7103,1602,6276,12463,206520,1
174,val/estrela/estrela_0026.png,4,4,4,-18655,-5994,924,5678,9832,206520,1
175,val/estrela/estrela_0042.png,4,4,4,-14848,-3844,1427,2077,5882,206520,1
176,val/estrela/estrela_0043.png,4,4,4,-11827,-3266,1162,2689,5647,206520,1
177,val/estrela/estrela_0047.png,4,4,4,-18720,-6331,1362,5071,9614,206520,1
178,val/estrela/estrela_0051.png,4,4,4,-13568,-3085,3122,3952,6412,206520,1
179,test/circulo/circulo_0058.png,0,0,0,12021,4267,-10351,-521,-16816,206520,1
180,test/quadrado/quadrado_0010.png,1,1,1,-6124,1875,598,-1625,-1451,206520,1
181,test/quadrado/quadrado_0016.png,1,1,1,-1233,1098,-519,-2191,-6383,206520,1
182,test/quadrado/quadrado_0032.png,1,1,1,4851,5834,-2654,-996,-12539,206520,1
183,test/quadrado/quadrado_0033.png,1,0,0,5498,5120,-6274,-600,-15776,206520,1
184,test/triangulo/triangulo_0008.png,2,2,2,-4500,1031,2925,-1494,-57,206520,1
185,test/triangulo/triangulo_0052.png,2,2,2,-6194,1325,3457,-867,-1187,206520,1
186,test/triangulo/triangulo_0057.png,2,2,2,-5755,1400,4777,-2434,2968,206520,1
187,test/triangulo/triangulo_0058.png,2,2,2,-7379,-6,5298,-1616,3771,206520,1
188,test/cruz/cruz_0011.png,3,3,3,-15157,-5597,-10516,8377,-4948,206520,1
189,test/cruz/cruz_0014.png,3,3,3,-8405,-175,-3721,4611,-2969,206520,1
190,test/cruz/cruz_0031.png,3,3,3,-11033,-743,-240,3409,-445,206520,1
191,test/cruz/cruz_0034.png,3,3,3,-1797,-199,-2794,935,-4793,206520,1
192,test/cruz/cruz_0038.png,3,3,3,-8216,-1308,-400,-148,-2076,206520,1
193,test/cruz/cruz_0043.png,3,3,3,-14044,-5057,-2703,6716,4906,206520,1
194,test/cruz/cruz_0048.png,3,3,3,-4814,1422,-317,1880,-1187,206520,1
195,test/estrela/estrela_0012.png,4,4,4,-10952,-3509,3232,1597,5194,206520,1
196,test/estrela/estrela_0021.png,4,4,4,-18035,-5581,294,4950,8883,206520,1
197,test/estrela/estrela_0026.png,4,4,4,-10064,-1495,-734,2899,2956,206520,1
198,test/estrela/estrela_0028.png,4,4,4,-12365,-4044,-232,3486,5836,206520,1
199,test/estrela/estrela_0034.png,4,4,4,-13168,-4290,680,3391,6212,206520,1
